asset_id,parent_asset_id,name,path,level,category
SYN-SITE-A,,SYNTHETIC SITE A,SYNTHETIC SITE A,1,site
SYN-CHILD-LATE,SYN-PARENT-LATE,CHILD BEFORE PARENT,SYNTHETIC SITE A/PARENT LATE/CHILD BEFORE PARENT,3,equipment
SYN-DUP,SYN-SITE-A,DUPLICATE A,SYNTHETIC SITE A/DUPLICATE A,2,equipment
SYN-DUP,SYN-SITE-A,DUPLICATE B,SYNTHETIC SITE A/DUPLICATE B,2,equipment
SYN-ORPHAN,SYN-MISSING,ORPHAN ASSET,SYNTHETIC SITE A/ORPHAN ASSET,2,equipment
SYN-CYCLE-A,SYN-CYCLE-B,CYCLE A,SYNTHETIC SITE A/CYCLE A,2,equipment
SYN-CYCLE-B,SYN-CYCLE-A,CYCLE B,SYNTHETIC SITE A/CYCLE B,2,equipment
SYN-SELF,SYN-SELF,SELF PARENT,SYNTHETIC SITE A/SELF PARENT,2,equipment
SYN-PARENT-LATE,SYN-SITE-A,PARENT LATE,SYNTHETIC SITE A/PARENT LATE,2,equipment
SYN-FORMULA,SYN-SITE-A,=SYNTHETIC(),SYNTHETIC SITE A/FORMULA,9,equipment
